Time_min,CO2_Adsorbed_kg,CO2_Adsorbed_Upper_10pct_kg,CO2_Adsorbed_Lower_10pct_kg,CO2_Released_at_85C_kg,CaCO3_Produced_kg,Total_Thermal_Energy_kJ
0.0,0.0,0.0,0.0,0.0,0.0,240.0
0.7777777777777778,0.025845868502914007,0.02843045535320541,0.023261281652622607,0.010372265965330297,0.023589186559189033,266.42726840788754
1.5555555555555556,0.05090002273184894,0.05599002500503384,0.045810020458664044,0.02042680722284768,0.046455785842645404,292.0450130182505
2.3333333333333335,0.07518671458963977,0.08270538604860375,0.0676680431306758,0.03017335636042558,0.06862193224528508,316.87803127775027
3.111111111111111,0.09872945309142794,0.10860239840057075,0.08885650778228515,0.039621347835938854,0.09010908213813042,340.9503610341799
3.888888888888889,0.12155102712090124,0.13370612983299138,0.10939592440881112,0.048779927109623686,0.11093803463763313,364.2853038046025
4.666666666666667,0.1436735274894615,0.15804088023840765,0.12930617474051534,0.05765795949669374,0.13112895173878839,386.90544733073773
5.444444444444445,0.16511836831967341,0.18163020515164077,0.14860653148770608,0.06626403874878212,0.15070137783152926,408.8326874434289
6.222222222222222,0.1859063077736915,0.20449693855106066,0.16731567699632235,0.07460649537251479,0.16967425861929117,430.08824925735325
7.0,0.20605746814673165,0.22666321496140482,0.18545172133205848,0.08269340469326876,0.18806595945806112,450.6927077164945
7.777777777777778,0.22559135534503671,0.24815049087954041,0.20303221981053304,0.09053259467191999,0.20589428313366215,470.6660075102625
8.555555555555555,0.2445268777671899,0.2689795655439089,0.2200741899904709,0.09813165348214742,0.2231764870944816,490.0274823795397
9.333333333333334,0.2628823646070534,0.28917060106775877,0.23659412814634806,0.10549793685562812,0.239929300156324,508.79587383134293
10.11111111111111,0.28067558359604855,0.30874314195565344,0.2526080252364437,0.11263857520223333,0.2561689386955586,526.9893492802132
10.88888888888889,0.2979237582019527,0.327716134022148,0.26813138238175743,0.11956048051211772,0.2719111223462364,544.6255196338984
11.666666666666666,0.3146435843008589,0.34610794273094486,0.28317922587077304,0.12627035304638265,0.2871710892163699,561.7214563403465
12.444444444444445,0.330851246338439,0.36393637097228293,0.2977661217045951,0.1327746878227905,0.3019636106381073,578.2937079125143
13.222222222222223,0.3465624329961518,0.381218676295767,0.3119061896965366,0.13907978090280726,0.31630300546607537,594.3583159469854
14.0,0.36179235237756247,0.39797158761531876,0.32561311713980623,0.14519173548605988,0.3302031539377353,609.9308306519044
14.777777777777779,0.37655574672947156,0.41421132140241873,0.3389001720565244,0.15111646781810714,0.34367751110916483,625.0263258992552
15.555555555555555,0.3908669067121053,0.42995359738331584,0.35178021604089477,0.1568597129172429,0.35673911987927387,639.6594138160585
16.333333333333332,0.40473968523217857,0.44521365375539645,0.36426571670896074,0.16242703012587523,0.3694006236150614,653.844258928608
17.11111111111111,0.4181875108522225,0.46000626193744476,0.37636875976700024,0.16782380849185477,0.3816742783901328,667.5945918734382
17.88888888888889,0.43122340078915433,0.4743457408680698,0.3881010607102389,0.17305527198496143,0.39357196484832513,680.923722688297
18.666666666666668,0.44385997351467477,0.4882459708661423,0.3994739761632073,0.17812648455359922,0.40510519970392517,693.8445536959864
19.444444444444446,0.45610946096968696,0.5017204070666557,0.41049851487271827,0.18304235502659333,0.4162851468896098,706.3695919935449
20.22222222222222,0.4679837204045624,0.5147820924450186,0.42118534836410615,0.18780764186483498,0.4271226283629024,718.5109615588572
21.0,0.479494245856714,0.5274436704423855,0.4315448212710426,0.19242695776737312,0.43762813458160355,730.2804149864152
21.77777777777778,0.49065217927658616,0.5397173972042448,0.44158696134892755,0.19690477413641147,0.44781183465833724,741.6893448635851
22.555555555555557,0.5014683213128325,0.5516151534441158,0.45132148918154924,0.20124542540553356,0.4576835862040412,752.7487947983972
23.333333333333332,0.5119531417671203,0.5631484559438323,0.46075782759040823,0.2054531132353446,0.46725294486993046,763.4694701095299
24.11111111111111,0.5221167897286811,0.5743284687015493,0.46990511075581304,0.20953191058059192,0.47652917359716984,773.8617481888355
24.88888888888889,0.5319691033984206,0.5851660137382627,0.4787721930585786,0.21348576563270114,0.48552125158320963,783.9356885464424
25.666666666666668,0.5415196196120917,0.5956715815733009,0.4873676576508826,0.21731850564154345,0.4942378829734625,793.7010425481511
26.444444444444446,0.5507775830717558,0.6058553413789315,0.49569982476458024,0.22103384062013468,0.5026875052867367,803.167262854556
27.22222222222222,0.5597519552944619,0.615727150823908,0.5037767597650157,0.22463536693585065,0.5108782975825787,812.3435125710243
28.0,0.5684514232868104,0.6252965656154915,0.5116062809581294,0.22812657079163687,0.5188181883784352,821.2386741173931
28.77777777777778,0.5768844079537954,0.634572848749175,0.5191959671584159,0.23151083160058042,0.5265148633242921,829.8613578259666
29.555555555555557,0.5850590722500663,0.643564979475073,0.5265531650250597,0.23479142525711208,0.5339757726422255,838.2199102761414
30.333333333333332,0.5929833290814992,0.6522816619896492,0.5336849961733493,0.23797152730800433,0.541208138338063,846.3224223737211
31.11111111111111,0.6006648489647265,0.6607313338611992,0.5405983640682539,0.241054216026235,0.548218961192135,854.1767371827469
31.88888888888889,0.6081110674520376,0.6689221741972414,0.5472999607068338,0.24404247539069174,0.5550150275358858,861.7904575174208
32.666666666666664,0.6153291923288395,0.6768621115617235,0.5537962730959556,0.24693919797460165,0.5616029158209016,869.170953301472
33.44444444444444,0.6223262105906449,0.6845588316497094,0.5600935895315804,0.24974718774548263,0.5679890029867156,876.3253687020909
34.22222222222222,0.629108895206338,0.6920197847269718,0.5661980056857042,0.2524691627793257,0.5741794706335539,883.2606290453353
35.0,0.6356838116742696,0.6992521928416966,0.5721154305068427,0.25510775789163653,0.5801803110059963,889.9834475197031
35.77777777777778,0.6420573243775222,0.7062630568152745,0.57785159193977,0.2576655271878818,0.5859973327933445,896.500331674358
36.55555555555556,0.6482356027445023,0.7130591630189526,0.5834120424700521,0.2601449465358113,0.5916361667523142,902.817589718305
37.333333333333336,0.6542246272208189,0.7196470899429008,0.588802164498737,0.26254841596204564,0.5971022711574903,908.9413366266042
38.111111111111114,0.660030195058231,0.7260332145640542,0.5940271755524079,0.2648782619752534,0.6024009370848241,914.8775000595409
38.88888888888889,0.6656579259262677,0.7322237185188946,0.599092133333641,0.2671367398181626,0.6075372935332854,920.6318261004782
39.666666666666664,0.6711132673519516,0.7382245940871469,0.6040019406167565,0.26932603565058927,0.6125163123896269,926.2098848179464
40.44444444444444,0.676401499992893,0.7440416499921824,0.6087613499936038,0.2714482686655952,0.6173428132410684,931.6170756573548
41.22222222222222,0.6815277427488557,0.7496805170237414,0.6133749684739702,0.2735054931408222,0.6220214680405565,936.8586326675417
42.0,0.6864969577167478,0.7551466534884226,0.617847261945073,0.2754997004269912,0.6265568056291194,941.9396295672267
42.77777777777778,0.6913139549938276,0.7604453504932105,0.6221825594944449,0.27743282087548804,0.6309532161196909,946.8649846562654
43.55555555555556,0.6959833973337789,0.7655817370671568,0.626385057600401,0.27930672570690385,0.6352149551466486,951.639465576461
44.333333333333336,0.7005098046601593,0.7705607851261753,0.6304588241941435,0.2811232288223377,0.6393461479851802,956.2676939265433
45.111111111111114,0.7048975584415937,0.7753873142857531,0.6344078025974343,0.2828840885592156,0.6433507935444647,960.7541497357809
45.88888888888889,0.7091509059329444,0.7800659965262389,0.63823581533965,0.2845910093933244,0.6472327682385329,965.1031758005566
46.666666666666664,0.7132739642865663,0.784601360715223,0.6419465678579097,0.2862456435887093,0.6509958297385574,969.3189818881045
47.44444444444444,0.7172707245376251,0.7889977969913876,0.6455436520838626,0.2878495927970312,0.6546436206101989,973.4056488114776
48.22222222222222,0.721145055467337,0.7932595610140707,0.6490305499206033,0.28940440960793257,0.6581796718395359,977.3671323796901
49.0,0.7249007073478683,0.7973907780826551,0.6524106366130814,0.29091159905191166,0.6616074062509848,981.2072672268591
49.77777777777778,0.7285413155725218,0.8013954471297741,0.6556871840152696,0.29237262005716125,0.6649301418205241,984.9297705240508
50.55555555555556,0.7320704041747218,0.8052774445921941,0.6588633637572496,0.2937888868617806,0.6681510948874261,988.5382455774252
51.333333333333336,0.7354913892392063,0.809040528163127,0.6619422503152858,0.2951617703827292,0.6712733832676067,992.0361853161619
52.111111111111114,0.7388075822087252,0.8126883404295978,0.6649268239878527,0.2964925995428455,0.6743000292716066,995.4269756735432
52.88888888888889,0.7420221930894496,0.8162244123983946,0.6678199737805046,0.29778266255721697,0.677233962630126,998.713898864468
53.666666666666664,0.7451383335581901,0.8196521669140092,0.6706245002023712,0.2990332081801455,0.6800780233299424,1001.9001365625666
54.44444444444444,0.7481590199744369,0.8229749219718806,0.6733431179769932,0.300245446913916,0.6828349643629597,1004.9887729799968
55.22222222222222,0.7510871763001322,0.8261958939301455,0.675978458670119,0.30142055218053737,0.6855074543910471,1007.9827978528959
56.0,0.7539256369300055,0.8293182006230061,0.678533073237005,0.30255966145759045,0.6880980803292485,1010.8851093353838
56.77777777777778,0.7566771494352085,0.8323448643787293,0.6810094344916876,0.30366387737928335,0.690609349849863,1013.6985168049167
57.55555555555556,0.759344377222908,0.835278814945199,0.6834099395006172,0.30473426880377813,0.6930436938098193,1016.4257435817055
58.333333333333336,0.7619299021144083,0.8381228923258491,0.6857369119029675,0.30577187184782356,0.695403468603696,1019.0694295648345
59.111111111111114,0.7644362268443005,0.8408798495287306,0.6879926041598704,0.30677769088969464,0.6976909584446611,1021.6321337876283
59.88888888888889,0.7668657774830585,0.8435523552313644,0.6901791997347527,0.30775269954140994,0.6999083775755446,1024.1163368947427
60.666666666666664,0.769220905785425,0.8461429963639676,0.6922988152068825,0.30869784159116803,0.7020578724121792,1026.5244435433792
61.44444444444444,0.7715038914668604,0.8486542806135465,0.6943535023201743,0.3096140319169146,0.7041415236210857,1028.8587847309411
62.22222222222222,0.7737169444102617,0.8510886388512879,0.6963452499692355,0.31050215737192605,0.7061613481335168,1031.1216200513923
63.0,0.775862206805082,0.8534484274855902,0.6982759861245739,0.3113630776432641,0.7081193010978029,1033.315139882497
63.77777777777778,0.7779417552209267,0.8557359307430195,0.700147579698834,0.3121976260839362,0.7100172777718966,1035.4414675060598
64.55555555555556,0.7799576026176288,0.8579533628793917,0.7019618423558659,0.31300661051956297,0.7118571153579427,1037.5026611632197
65.33333333333333,0.7819117002937538,0.8601028703231293,0.7037205302643784,0.3137908140303375,0.7136405947806516,1039.500716046783
66.11111111111111,0.7838059397754148,0.8621865337529564,0.7054253457978733,0.3145509957090302,0.7153694424111983,1041.4375662325303
66.88888888888889,0.7856421546472314,0.8642063701119547,0.7070779391825083,0.3152878913957753,0.7170453317383128,1043.3150865513612
67.66666666666667,0.7874221223272022,0.8661643345599225,0.7086799100944821,0.3160022143903486,0.7186698849881843,1045.1350944040923
68.44444444444444,0.7891475657872074,0.8680623223659282,0.7102328092084866,0.3166946561426269,0.7202446746947403,1046.899351520662
69.22222222222223,0.7908201552208108,0.869902170742892,0.7117381396987298,0.3173658869218975,0.7217712252218296,1048.6095656654506
70.0,0.7924415096599724,0.8716856606259697,0.7131973586939752,0.3180165564656645,0.7232510142387721,1050.2673922903602
70.77777777777779,0.7940131985422376,0.8734145183964614,0.7146118786880139,0.3186472946085816,0.7246854741507142,1051.8744361372574
71.55555555555556,0.7955367432299211,0.8750904175529133,0.715983068906929,0.3192587118921191,0.7260759934851669,1053.4322527913305
72.33333333333333,0.7970136184827527,0.876714980331028,0.7173122566344774,0.31985140015555497,0.7274239182360712,1054.9423501868637
73.11111111111111,0.7984452538854157,0.8782897792739572,0.7186007284968741,0.32042593310886347,0.7287305531666927,1056.4061900668871
73.88888888888889,0.799833035231354,0.8798163387544894,0.7198497317082185,0.3209828668880543,0.7299971630726051,1057.8251893981123
74.66666666666667,0.8011783058641925,0.8812961364506118,0.7210604752777733,0.3215227405935007,0.731224974005987,1059.200721742528
75.44444444444444,0.8024823679780655,0.8827306047758721,0.7222341311802589,0.32204607681177777,0.7324151744624139,1060.534118586979
76.22222222222223,0.8037464838781135,0.8841211322659249,0.7233718354903022,0.32255338212151513,0.7335689165312985,1061.8266706320178
77.0,0.804971877202369,0.8854690649226059,0.7244746894821321,0.32304514758375463,0.7346873170110884,1063.079629041277
